"1737088","4","1150000000","435","CASA EN VENTA EN San Jerónimo","San Jeronimo"
"4012093","4","1150000000","435","CASA EN VENTA EN San Jerónimo","San Jeronimo"
"4297049","3","750000000","90","Vereda Mestizal (1061260)","San Jeronimo"
"3980993","5","1250000000","4580","FINCA EN VENTA EN San Jerónimo","San Jeronimo"
"4303844","0","1100000000","600","VENDO CASA CAMPESTRE SAN JERONIMO ANTIOQUIA COD.1113843","San Jeronimo"
"4303884","0","1000000000","1000","VENDO FINCA SAN JERONIMO COD. 1066938","San Jeronimo"
"4303874","0","650000000","1160","VENDO CASA FINCA SAN JERONIMO COD. 524752","San Jeronimo"
"4303902","0","1500000000","439","VENDO FINCA SAN JERONIMO COD.906761","San Jeronimo"
"4303942","0","685000000","150","VENDO CASA CAMPESTRE SAN JERONIMO ANTIOQUIA COD.1125777","San Jeronimo"
"4067214","5","210000000","46","VENDO APARTA ESTUDIO EN SAN JERONIMO","San Jeronimo"
"3645997","3","2200000000","1500","FINCA EN VENTA EN SAN JERÓNIMO","San Jeronimo"
"3433278","4","580000000","800","Espectacular Casa 800m2.","San Jeronimo"
"3892868","3","950000000","300","Casa Condominio En Venta En San Jeronimo Poblado Del Hato Cod. VMAT12357","San Jeronimo"
"3926554","4","1400000000","450","Finca En Venta En San Jeronimo San Jeronimo Cod. VRPR9259","San Jeronimo"
"4331734","0","170000000","40","Venta Apartamento San Jerónimo, Antioquia","San Jeronimo"
"4373259","0","1350000000","500","Finca en san Jerónimo  el hato","San Jeronimo"
"4380213","0","1500000000","250","Finca - san jeronimo","San Jeronimo"
"3945560","3","980000000","271","Venta de casa de recreo en San Jerónimo, Antioquia","San Jeronimo"
"3878569","3","1500000000","2800","Venta casa de recreo en San Jerónimo, Antioquia","San Jeronimo"
"3886360","6","2200000000","3300","venta casa campestre en San Jerónimo, Antioquia","San Jeronimo"
"4394878","0","1100000000","430","Venta Casa en San Jerónimo","San Jeronimo"
"4363264","0","1300000000","270","Venta Finca San Jerónimo, Antioquia","San Jeronimo"
"4358920","0","1650000000","6600","casa campestre en venta san Jerónimo EHT","San Jeronimo"
"4303363","4","1500000000","439","VENDO FINCA SAN JERONIMO COD.906761","San Jeronimo"
"3952140","5","160000000","48","VENDO APARTAMENTO EN SAN JERONIMO","San Jeronimo"
"3954314","3","220000000","5342","VENDO APARTAMENTO DE SOL EN SAN JERONIMO","San Jeronimo"
"3964809","5","725000000","225","Venta de casa en San Jeronimo","San Jeronimo"
"3645555","3","350000000","4500","Lote en San Jerónimo Antioquia","San Jeronimo"
"3422324","4","850000000","7000","Finca En Venta En San Jeronimo San Jeronimo","San Jeronimo"
"1749452","4","350000000","170","Casa En Venta En San Jeronimo San Jeronimo","San Jeronimo"
"4303291","1","650000000","1160","VENDO CASA FINCA SAN JERONIMO COD. 524752","San Jeronimo"
"4303315","0","1000000000","1000","VENDO FINCA SAN JERONIMO COD. 1066938","San Jeronimo"
"4333333","0","950000000","250","Venta Finca De Recreo En San Jerónimo","San Jeronimo"
"4335003","0","1350000000","4600","Venta Finca En San Jerónimo","San Jeronimo"
"4337563","0","450000000","133","Venta Casa En San Jerónimo","San Jeronimo"
"4335833","0","1800000000","962","Venta Casa Campestre En San Jerónimo","San Jeronimo"
"4332610","0","1600000000","250","Venta De Finca En Parcelación En San Jerónimo","San Jeronimo"
"4333361","0","390000000","260","Venta Casa en San Jerónimo","San Jeronimo"
"4334390","0","790000000","900","Venta Finca En San Jerónimo","San Jeronimo"
"4337023","0","1000000000","1000","Venta Finca San Jerónimo","San Jeronimo"
"4335350","0","1000000000","370","Venta Casa En San Jerónimo","San Jeronimo"
"4336063","0","900000000","5000","Venta Finca En San Jerónimo","San Jeronimo"
"4336207","0","800000000","560","Venta Finca En San Jerónimo","San Jeronimo"
"4335981","0","650000000","1400","Venta Finca En San Jerónimo","San Jeronimo"
"4334579","0","930000000","700","Venta Casa Finca En San Jeronimo","San Jeronimo"
"4338160","0","1800000000","3050","Venta Finca En San Jerónimo","San Jeronimo"
"4335583","0","800000000","980","Venta Finca En San Jerónimo","San Jeronimo"
"4368321","0","2147483647","900","VENDE FINCA EN SAN JERÓNIMO, EL LLANO","San Jeronimo"
"3650864","4","2100000000","3260","Hermosa Finca En Unidad Cerrada - 447m2","San Jeronimo"
"4355085","0","1350000000","100","Lote en San jerónimo Para Parcelar","San Jeronimo"
"4336837","0","400000000","4605","Venta De Finca De Recreo En San Jerónimo","San Jeronimo"
"1736571","1","426000000","7100","LOTE EN VENTA EN San Jerónimo","San Jeronimo"
"3438525","3","250000000","2600","Espectaculares Lotes En Unidad Cerrada  San Jerónimo.","San Jeronimo"
"4350972","0","950000000","2400","Casa Campestre en San Jerónimo Antioquia","San Jeronimo"
"2651199","0","450000000","200","Moderna casa en san jerónimo","San Jeronimo"
"2651335","0","300000000","75","Citadela di Aqua, tu segunda casa en San Jerónimo","San Jeronimo"
"3931408","4","1200000000","4200","Espectacular Finca Independiente - San Jeronimo. 400m2","San Jeronimo"
"4195395","0","600000000","379","Finca En Venta San Jeronimo","San Jeronimo"
"3973567","4","1000000000","6000","Hermosa Finca En San Jerónimo. 6,000m2","San Jeronimo"
"2984602","0","776300000","250","Finca recreo San Jerónimo El hato","San Jeronimo"
"3011479","0","720000000","238","VENDO CASA CAMPESTRE EN SAN JERÓNIMO  _ wasi2777246","San Jeronimo"
"4330413","0","750000000","3000","Finca En Venta, Ubicada En San Jeronimo","San Jeronimo"
"3973424","4","1400000000","1300","Hermosa Finca En San Jerónimo. 1,300m2","San Jeronimo"
"3434888","4","250000000","2500","Espectacular Lote En San Jerónimo. 2,500m2","San Jeronimo"
"4115426","2","320000000","3200","Lote en San Jerónimo","San Jeronimo"
"2991685","0","320000000","100","Casa en San Jerónimo","San Jeronimo"
"3972344","3","250000000","297","CASA EN VENTA EN CARTAGO VALLE B/SAN JERONIMO","San Jeronimo"
"1603859","3","1000000","3500","Fincas de Recreo San Jeronimo-Antioquia","San Jeronimo"
"4335610","0","308000000","2800","Venta Lote En San Jerónimo","San Jeronimo"
"4333223","0","420000000","4600","Se Vende Lote En San Jerónimo","San Jeronimo"
"4332768","0","1710000000","20000","Venta Lote Para Parcelar En San Jerónimo","San Jeronimo"
"4336528","0","450000000","20000","Venta lote en San Jerónimo","San Jeronimo"
"3583909","4","1000000000","3600","Hermosa Finca - San Jerónimo. 3,600m2","San Jeronimo"
"4189036","0","350000000","83","Apartamento en venta","San Jeronimo"
"4337832","0","612000000","10200","Venta lote en San Jerónimo","San Jeronimo"
"4332817","0","230000000","2580","Venta Lote En San Jeronimo","San Jeronimo"
"4336790","0","260000000","2600","Venta Lotes En San Jeronimo","San Jeronimo"
"4333758","0","450000000","3000","Venta Lote En San Jerónimo","San Jeronimo"
"4337096","0","420000000","4680","Venta Lote En Parcelacion En San Jeronimo","San Jeronimo"
"4337267","0","1080225024","43209","Venta De Lote En San Jerónimo","San Jeronimo"
"4333112","0","320000000","5700","Venta Lote En San Jerónimo","San Jeronimo"
"3887061","3","330000000","2600","LOTES FINCA","San Jeronimo"
"4165777","4","1200000","2000","Renta de finca de recreo en Medellín Antioquia","San Jeronimo"
"3897476","3","350000000","2600","PARCELAS/ LOTES FINCA","San Jeronimo"
"4166739","4","1100000","900000","Renta de finca de recreo en Medellín Antioquia","San Jeronimo"
"4168067","4","1200000","1000000","Renta de finca de recreo en Medellín Antioquia","San Jeronimo"
"3954992","0","270000000","3114","VENDO FINCA AGROINDUSTRIAL EN SAN JERONIMO","San Jeronimo"
"3507368","4","200000000","2600","Espectacular Lote En Urbanización  San Jerónimo. 2,600m2","San Jeronimo"
"3644386","3","1100000","1200","Renta de fincas de recreo en Medellín","San Jeronimo"
"2968982","0","290000000","356","Venta de cabañas y fincas en San Jerónimo","San Jeronimo"
